{
  "test_preprocess": {
    "vocab_length": 1804
  },
  "test_lm": {
    "english_2_gram_length": 748,
    "english_3_gram_length": 8239,
    "french_3_gram_length": 8286,
    "spanish_3_gram_length": 8469
  },
  "test_eval": {
    "en_en": 31.622009327855498,
    "en_fr": 66.84905600883658,
    "en_tl": 90.28005577872524,
    "en_nl": 77.50556072223915
  },
  "test_match": {
    "df_shape": [
      256,
      4
    ],
    "en_en_1": 42.72959602394409,
    "tl_tl_1": 56.49412583095109,
    "tl_nl_4": 358.557908627986
  },
  "test_generate": "ValueError(\"'a' cannot be empty unless no samples are taken\")"
}